Source,SS,df,MS,F,Prob>F
Columns,1127526091823.15,28,40268788993.6839,1387654.80814213,0
Rows,98054722032.1075,4,24513680508.0269,844736.766917898,0
Interaction,47229550081.6777,112,421692411.443551,14531.4402771952,0
Error,137860163261.449,4750635,29019.312841641,,
Total,1410670527198.38,4750779,,,
